Broker,Rating,Foundation_Year,MINIMUM Deposite,URL,IMG
PLUS 500,4.1,2008,$100.00 ,https://www.plus500.com/?id=27689&tags=Plus500-BrokerReview-OpenAccount-EN&pl=2,static/Broker/plus500.png
FXTM,4.2,2011,$10.00 ,https://ad.doubleclick.net/ddm/clk/447901603,static/Broker/fxtm.png
XTB,4.8,2002,$0.00 ,http://xtb.ck-cdn.com/tn/serve/geoGroup/?rgid=87&bta=37491,static/Broker/xtb.jpg
IC Market,3.9,2007,$200.00 ,https://www.icmarkets.com/en/?camp=22749,static/Broker/ic.jpeg
OCTA FX,4.3,2011,$50.00 ,http://octaengine.com/c/?p=805&bt=gif&b=2368,static/Broker/octa.jpg
ROBO Market,3.9,2012,$100.00 ,https://my.robomarkets.com/en/register/?utm_source=fxempire.com&utm_medium=cpc&utm_campaign=rm_en_listing&utm_content=button_open_live,static/Broker/robo.png
CMC Market,4.3,1989,$0.00 ,https://www.cmcmarkets.com/en/?dd_pm=none&dd_pm_cat=brokerage&dd_pm_company=cmc-markets,static/Broker/cmc.jpg
London Capital Group,4.5,1996,$0.00 ,https://www.lcg.com/int/?dd_pm=none&dd_pm_cat=brokerage&dd_pm_company=lcg,static/Broker/lcg.jpeg
SAXO,4.6,1992,"$10,000.00 ",https://www.home.saxo/en-gb?dd_pm=none&dd_pm_cat=brokerage&dd_pm_company=saxo,static/Broker/saxo.jpg
PapperStone,4.4,2010,$200.00 ,https://pepperstone.com/en/?dd_pm=none&dd_pm_cat=brokerage&dd_pm_company=pepperstone,static/Broker/papperstone.jpg
